,,Name Of Organization :,,,,,,,
S_Id,D_Id,Sno.,StateName,District Name,Number of volunteers/ workers,Name of District Nodal Officer,Designation,MobileNo,Emailid
35,603,1,ANDAMAN AND NICOBAR ISLANDS,NIKOBAR,,,,,
35,632,2,ANDAMAN AND NICOBAR ISLANDS,NORTH & MIDDLE ANDAMAN,,,,,
35,602,3,ANDAMAN AND NICOBAR ISLANDS,SOUTH ANDAMAN,,,,,
28,502,4,ANDHRA PRADESH,ANANTHAPUR,,,,,
28,503,5,ANDHRA PRADESH,CHITOOR,,,,,
28,505,6,ANDHRA PRADESH,EAST GODAVARI,,,,,
28,506,7,ANDHRA PRADESH,GUNTUR,,,,,
28,504,8,ANDHRA PRADESH,KADAPA,,,,,
28,510,9,ANDHRA PRADESH,KRISHNA,,,,,
28,511,10,ANDHRA PRADESH,KURNOOL,,,,,
28,517,11,ANDHRA PRADESH,PRAKASAM,,,,,
28,515,12,ANDHRA PRADESH,SHRI POTTI SRIRAMULU NELLORE,,,,,
28,519,13,ANDHRA PRADESH,SRIKAKULAM,,,,,
28,520,14,ANDHRA PRADESH,VISAKHAPATNAM,,,,,
28,521,15,ANDHRA PRADESH,VIZIANAGARAM,,,,,
28,523,16,ANDHRA PRADESH,WEST GODAVARI,,,,,
12,628,17,ARUNACHAL PRADESH,ANJAW,,,,,
12,229,18,ARUNACHAL PRADESH,CHANGLANG,,,,,
12,230,19,ARUNACHAL PRADESH,DIBANG VALLEY,,,,,
12,231,20,ARUNACHAL PRADESH,EAST KAMENG,,,,,
12,232,21,ARUNACHAL PRADESH,EAST SIANG,,,,,
12,718,22,ARUNACHAL PRADESH,KAMLE,,,,,
12,677,23,ARUNACHAL PRADESH,Kra Daadi  ,,,,,
12,233,24,ARUNACHAL PRADESH,KURUNG KUMEY,,,,,
12,234,25,ARUNACHAL PRADESH,LOHIT,,,,,
12,666,26,ARUNACHAL PRADESH,LONGDING,,,,,
12,235,27,ARUNACHAL PRADESH,LOWER DIBANG VALLEY,,,,,
12,719,28,ARUNACHAL PRADESH,LOWER SIANG,,,,,
12,236,29,ARUNACHAL PRADESH,LOWER SUBANSIRI,,,,,
12,678,30,ARUNACHAL PRADESH,NAMSAI,,,,,
12,723,31,ARUNACHAL PRADESH,PAKKE KESSANG,,,,,
12,237,32,ARUNACHAL PRADESH,PAPUM PARE,,,,,
12,679,33,ARUNACHAL PRADESH,SIANG,,,,,
12,238,34,ARUNACHAL PRADESH,TAWANG,,,,,
12,239,35,ARUNACHAL PRADESH,TIRAP,,,,,
12,240,36,ARUNACHAL PRADESH,UPPAR SIANG,,,,,
12,241,37,ARUNACHAL PRADESH,UPPER SUBANSIRI,,,,,
12,242,38,ARUNACHAL PRADESH,WEST KAMENG,,,,,
12,243,39,ARUNACHAL PRADESH,WEST SIANG,,,,,
18,616,40,ASSAM,BAKSA,,,,,
18,280,41,ASSAM,BARPETA,,,,,
18,705,42,ASSAM,Biswanath,,,,,
18,281,43,ASSAM,BONGAIGAON,,,,,
18,282,44,ASSAM,CACHAR,,,,,
18,708,45,ASSAM,CHARAIDEO,,,,,
18,612,46,ASSAM,CHIRANG,,,,,
18,283,47,ASSAM,DARRANG,,,,,
18,284,48,ASSAM,DHEMAJI,,,,,
18,285,49,ASSAM,DHUBRI,,,,,
18,286,50,ASSAM,DIBRUGARH,,,,,
18,299,51,ASSAM,DIMA HASAO,,,,,
18,287,52,ASSAM,GOALPARA,,,,,
18,288,53,ASSAM,GOLAGHAT,,,,,
18,289,54,ASSAM,HAILAKANDI,,,,,
18,709,55,ASSAM,HOJAI,,,,,
18,290,56,ASSAM,JORHAT,,,,,
18,291,57,ASSAM,KAMRUP,,,,,
18,618,58,ASSAM,KAMRUP METROPOLITAN,,,,,
18,292,59,ASSAM,KARBI-ANGELONG,,,,,
18,293,60,ASSAM,KARIMGANJ,,,,,
18,294,61,ASSAM,KOKRAJHAR,,,,,
18,295,62,ASSAM,LAKHIMPUR,,,,,
18,706,63,ASSAM,MAJULI,,,,,
18,296,64,ASSAM,MORIGAON,,,,,
18,297,65,ASSAM,NAGAON,,,,,
18,298,66,ASSAM,NALBARI,,,,,
18,300,67,ASSAM,SIVASAGAR,,,,,
18,301,68,ASSAM,SONITPUR,,,,,
18,707,69,ASSAM,SOUTH SALMARA MANCACHAR,,,,,
18,302,70,ASSAM,TINSUKIA,,,,,
18,617,71,ASSAM,UDALGURI,,,,,
18,710,72,ASSAM,WEST KARBI ANGLONG,,,,,
10,188,73,BIHAR,ARARIA,,,,,
10,611,74,BIHAR,ARWAL,,,,,
10,189,75,BIHAR,AURANGABAD,,,,,
10,190,76,BIHAR,BANKA,,,,,
10,191,77,BIHAR,BEGUSARAI,,,,,
10,192,78,BIHAR,BHAGALPUR,,,,,
10,193,79,BIHAR,BHOJPUR,,,,,
10,194,80,BIHAR,BUXAR,,,,,
10,195,81,BIHAR,DARBHANGA,,,,,
10,213,82,BIHAR,EAST CHAMPARAN,,,,,
10,196,83,BIHAR,GAYA,,,,,
10,197,84,BIHAR,GOPALGANJ,,,,,
10,198,85,BIHAR,JAMUI,,,,,
10,199,86,BIHAR,JEHANABAD,,,,,
10,200,87,BIHAR,KAIMUR,,,,,
10,201,88,BIHAR,KATIHAR,,,,,
10,202,89,BIHAR,KHAGARIA,,,,,
10,203,90,BIHAR,KISHANGANJ,,,,,
10,204,91,BIHAR,LAKHISARAI,,,,,
10,205,92,BIHAR,MADHEPURA,,,,,
10,206,93,BIHAR,MADHUBANI,,,,,
10,207,94,BIHAR,MUNGER,,,,,
10,208,95,BIHAR,MUZAFFARPUR,,,,,
10,209,96,BIHAR,NALANDA,,,,,
10,210,97,BIHAR,NAWADA,,,,,
10,212,98,BIHAR,PATNA,,,,,
10,214,99,BIHAR,PURNEA,,,,,
10,215,100,BIHAR,ROHTAS,,,,,
10,216,101,BIHAR,SAHARSA,,,,,
10,217,102,BIHAR,SAMASTIPUR,,,,,
10,218,103,BIHAR,SARAN,,,,,
10,219,104,BIHAR,SHEIKHPURA,,,,,
10,220,105,BIHAR,SHEOHAR,,,,,
10,221,106,BIHAR,SITAMARHI,,,,,
10,222,107,BIHAR,SIWAN,,,,,
10,223,108,BIHAR,SUPAUL,,,,,
10,224,109,BIHAR,VAISHALI,,,,,
10,211,110,BIHAR,WEST CHAMPARAN,,,,,
4,44,111,CHANDIGARH,CHANDIGARH,,,,,
22,382,112,CHHATTISGARH,(KABIRDHAM) KAWARDHA,,,,,
22,646,113,CHHATTISGARH,BALOD,,,,,
22,644,114,CHHATTISGARH,BALOD BAZAR,,,,,
22,649,115,CHHATTISGARH,BALRAMPUR,,,,,
22,374,116,CHHATTISGARH,BASTAR,,,,,
22,650,117,CHHATTISGARH,BEMETARA,,,,,
22,636,118,CHHATTISGARH,BIJAPUR,,,,,
22,375,119,CHHATTISGARH,BILASPUR,,,,,
22,376,120,CHHATTISGARH,DANTEWADA,,,,,
22,377,121,CHHATTISGARH,DHAMTARI,,,,,
22,378,122,CHHATTISGARH,DURG,,,,,
22,645,123,CHHATTISGARH,GARIABAND,,,,,
22,379,124,CHHATTISGARH,JANJGIR-CHAMPA,,,,,
22,380,125,CHHATTISGARH,JASHPUR,,,,,
22,381,126,CHHATTISGARH,KANKER,,,,,
22,643,127,CHHATTISGARH,KONDAGAON,,,,,
22,383,128,CHHATTISGARH,KORBA,,,,,
22,384,129,CHHATTISGARH,KOREA,,,,,
22,385,130,CHHATTISGARH,MAHASAMUND,,,,,
22,647,131,CHHATTISGARH,MUNGELI,,,,,
22,637,132,CHHATTISGARH,NARAYANPUR,,,,,
22,386,133,CHHATTISGARH,RAIGARH,,,,,
22,387,134,CHHATTISGARH,RAIPUR,,,,,
22,388,135,CHHATTISGARH,RAJNANDAGAON,,,,,
22,642,136,CHHATTISGARH,SUKMA,,,,,
22,648,137,CHHATTISGARH,SURAJPUR,,,,,
22,389,138,CHHATTISGARH,SURGUJA,,,,,
26,465,139,DADAR AND NAGAR HAVELI,DADRA & NAGAR HAVELLI,,,,,
25,463,140,DAMAN AND DIU,DAMAN,,,,,
25,464,141,DAMAN AND DIU,DIU,,,,,
7,77,142,DELHI ,CENTRAL DELHI,,,,,
7,78,143,DELHI ,EAST DELHI,,,,,
7,79,144,DELHI ,NEW DELHI,,,,,
7,80,145,DELHI ,NORTH DELHI,,,,,
7,81,146,DELHI ,NORTH EAST DELHI,,,,,
7,82,147,DELHI ,NORTH WEST DELHI,,,,,
7,671,148,DELHI ,SHAHDARA,,,,,
7,83,149,DELHI ,SOUTH DELHI,,,,,
7,670,150,DELHI ,SOUTH EAST DELHI,,,,,
7,84,151,DELHI ,SOUTH WESTDELHI,,,,,
7,85,152,DELHI ,WEST DELHI,,,,,
30,551,153,GOA,NORTH GOA,,,,,
30,552,154,GOA,SOUTH GOA,,,,,
24,438,155,GUJARAT,AHMEDABAD,,,,,
24,439,156,GUJARAT,AMRELI,,,,,
24,440,157,GUJARAT,ANAND,,,,,
24,672,158,GUJARAT,ARAVALLI,,,,,
24,441,159,GUJARAT,BANASKANTHA,,,,,
24,442,160,GUJARAT,BHARUCH,,,,,
24,443,161,GUJARAT,BHAVNAGAR,,,,,
24,676,162,GUJARAT,BOTAD,,,,,
24,668,163,GUJARAT,CHOTTA UDEPUR,,,,,
24,445,164,GUJARAT,DAHOD,,,,,
24,444,165,GUJARAT,DANG,,,,,
24,674,166,GUJARAT,DEVBHOOMI DWARKA,,,,,
24,446,167,GUJARAT,GANDHINAGAR,,,,,
24,675,168,GUJARAT,GIR SOMNATH,,,,,
24,447,169,GUJARAT,JAMNAGAR,,,,,
24,448,170,GUJARAT,JUNAGADH,,,,,
24,450,171,GUJARAT,KHEDA (NADIAD),,,,,
24,449,172,GUJARAT,KUTCH (BHUJ),,,,,
24,669,173,GUJARAT,MAHISAGAR,,,,,
24,451,174,GUJARAT,MEHSANA,,,,,
24,673,175,GUJARAT,MORBI,,,,,
24,452,176,GUJARAT,NARMADA,,,,,
24,453,177,GUJARAT,NAVSARI,,,,,
24,454,178,GUJARAT,PANCH MAHALS,,,,,
24,455,179,GUJARAT,PATAN,,,,,
24,456,180,GUJARAT,PORBANDAR,,,,,
24,457,181,GUJARAT,RAJKOT,,,,,
24,458,182,GUJARAT,SABARKANTH,,,,,
24,459,183,GUJARAT,SURAT,,,,,
24,460,184,GUJARAT,SURENDRANAGAR,,,,,
24,641,185,GUJARAT,TAPI,,,,,
24,461,186,GUJARAT,VADODARA,,,,,
24,462,187,GUJARAT,VALSAD,,,,,
6,58,188,HARYANA,AMBALA,,,,,
6,59,189,HARYANA,BHIWANI,,,,,
6,701,190,HARYANA,CHARKI DADRI,,,,,
6,60,191,HARYANA,FARIDABAD,,,,,
6,61,192,HARYANA,FATEHABAD,,,,,
6,62,193,HARYANA,GURGAON,,,,,
6,63,194,HARYANA,HISAR,,,,,
6,64,195,HARYANA,JHAJJAR,,,,,
6,65,196,HARYANA,JIND,,,,,
6,66,197,HARYANA,KAITHAL,,,,,
6,67,198,HARYANA,KARNAL,,,,,
6,68,199,HARYANA,KURUKSHETRA,,,,,
6,69,200,HARYANA,MAHENDRAGARH,,,,,
6,604,201,HARYANA,MEWAT,,,,,
6,619,202,HARYANA,PALWAL,,,,,
6,70,203,HARYANA,PANCHKULA,,,,,
6,71,204,HARYANA,PANIPAT,,,,,
6,72,205,HARYANA,REWARI,,,,,
6,73,206,HARYANA,ROHTAK,,,,,
6,74,207,HARYANA,SIRSA,,,,,
6,75,208,HARYANA,SONIPAT,,,,,
6,76,209,HARYANA,YAMUNANAGAR,,,,,
2,15,210,HIMACHAL PRADESH,BILASPUR,,,,,
2,16,211,HIMACHAL PRADESH,CHAMBA,,,,,
2,17,212,HIMACHAL PRADESH,HAMIRPUR,,,,,
2,18,213,HIMACHAL PRADESH,KANGRA,,,,,
2,19,214,HIMACHAL PRADESH,KINNAUR,,,,,
2,20,215,HIMACHAL PRADESH,KULLU,,,,,
2,21,216,HIMACHAL PRADESH,LAHAUL & SPITI,,,,,
2,22,217,HIMACHAL PRADESH,MANDI,,,,,
2,23,218,HIMACHAL PRADESH,SHIMLA,,,,,
2,24,219,HIMACHAL PRADESH,SIRMAUR,,,,,
2,25,220,HIMACHAL PRADESH,SOLAN,,,,,
2,26,221,HIMACHAL PRADESH,UNA,,,,,
1,1,222,JAMMU AND KASHMIR,ANANTNAG,,,,,
1,623,223,JAMMU AND KASHMIR,BANDIPORA,,,,,
1,3,224,JAMMU AND KASHMIR,BARAMULLA,,,,,
1,2,225,JAMMU AND KASHMIR,BUDGAM,,,,,
1,4,226,JAMMU AND KASHMIR,DODA,,,,,
1,626,227,JAMMU AND KASHMIR,GANDERBAL,,,,,
1,5,228,JAMMU AND KASHMIR,JAMMU,,,,,
1,6,229,JAMMU AND KASHMIR,KARGIL,,,,,
1,7,230,JAMMU AND KASHMIR,KATHUA,,,,,
1,620,231,JAMMU AND KASHMIR,KISHTWAR,,,,,
1,622,232,JAMMU AND KASHMIR,KULGAM,,,,,
1,8,233,JAMMU AND KASHMIR,KUPWARA,,,,,
1,9,234,JAMMU AND KASHMIR,LEH,,,,,
1,10,235,JAMMU AND KASHMIR,POONCH,,,,,
1,11,236,JAMMU AND KASHMIR,PULWAMA,,,,,
1,12,237,JAMMU AND KASHMIR,RAJOURI,,,,,
1,621,238,JAMMU AND KASHMIR,RAMBAN,,,,,
1,627,239,JAMMU AND KASHMIR,REASI,,,,,
1,624,240,JAMMU AND KASHMIR,SAMBA,,,,,
1,625,241,JAMMU AND KASHMIR,SHOPIAN,,,,,
1,13,242,JAMMU AND KASHMIR,SRINAGAR,,,,,
1,14,243,JAMMU AND KASHMIR,UDHAMPUR,,,,,
20,322,244,JHARKHAND,BOKARO ,,,,,
20,323,245,JHARKHAND,CHATRA,,,,,
20,324,246,JHARKHAND,DEOGHAR,,,,,
20,325,247,JHARKHAND,DHANBAD,,,,,
20,326,248,JHARKHAND,DUMKA,,,,,
20,327,249,JHARKHAND,EAST SINGHBHUM,,,,,
20,328,250,JHARKHAND,GARHWA ,,,,,
20,329,251,JHARKHAND,GIRIDIH,,,,,
20,330,252,JHARKHAND,GODDA,,,,,
20,331,253,JHARKHAND,GUMLA ,,,,,
20,332,254,JHARKHAND,HAZARIBAG ,,,,,
20,333,255,JHARKHAND,JAMTARA,,,,,
20,606,256,JHARKHAND,KHUNTI ,,,,,
20,334,257,JHARKHAND,KODERMA ,,,,,
20,335,258,JHARKHAND,LATEHAR,,,,,
20,336,259,JHARKHAND,LOHARDAGA ,,,,,
20,337,260,JHARKHAND,PAKUR ,,,,,
20,338,261,JHARKHAND,PALAMU,,,,,
20,607,262,JHARKHAND,RAMGARH ,,,,,
20,339,263,JHARKHAND,RANCHI ,,,,,
20,340,264,JHARKHAND,SAHIBGANJ,,,,,
20,341,265,JHARKHAND,SERAIKELA-KHARSAWAN  ,,,,,
20,342,266,JHARKHAND,SIMDEGA ,,,,,
20,343,267,JHARKHAND,WEST SINGHBHUM,,,,,
29,524,268,KARNATAKA,BAGALKOTE,,,,,
29,528,269,KARNATAKA,BALLARI,,,,,
29,527,270,KARNATAKA,BELAGAVI,,,,,
29,526,271,KARNATAKA,BENGALURU (RURAL),,,,,
29,525,272,KARNATAKA,BENGALURU (URBAN),,,,,
29,529,273,KARNATAKA,BIDAR,,,,,
29,531,274,KARNATAKA,CHAMARAJNAGAR,,,,,
29,532,275,KARNATAKA,CHIKKAMAGALURU,,,,,
29,630,276,KARNATAKA,CHIKKBALLAPURA,,,,,
29,533,277,KARNATAKA,CHITRADURGA,,,,,
29,534,278,KARNATAKA,DAKSHINA KANNADA,,,,,
29,535,279,KARNATAKA,DAVANAGERE,,,,,
29,536,280,KARNATAKA,DHARWAD,,,,,
29,537,281,KARNATAKA,GADAG,,,,,
29,539,282,KARNATAKA,HASSAN,,,,,
29,540,283,KARNATAKA,HAVERI,,,,,
29,538,284,KARNATAKA,KALABURAGI,,,,,
29,541,285,KARNATAKA,KODAGU,,,,,
29,542,286,KARNATAKA,KOLAR,,,,,
29,543,287,KARNATAKA,KOPPAL,,,,,
29,544,288,KARNATAKA,MANDYA,,,,,
29,545,289,KARNATAKA,MYSURU,,,,,
29,546,290,KARNATAKA,RAICHUR,,,,,
29,631,291,KARNATAKA,RAMANAGARA,,,,,
29,547,292,KARNATAKA,SHIVAMOGGA,,,,,
29,548,293,KARNATAKA,TUMAKURU,,,,,
29,549,294,KARNATAKA,UDUPI,,,,,
29,550,295,KARNATAKA,UTTARA KANNADA,,,,,
29,530,296,KARNATAKA,VIJAYAPURA,,,,,
29,635,297,KARNATAKA,YADGIR,,,,,
32,554,298,KERALA,ALAPPUZHA,,,,,
32,555,299,KERALA,ERNAKULAM,,,,,
32,556,300,KERALA,IDUKKI,,,,,
32,557,301,KERALA,KANNUR,,,,,
32,558,302,KERALA,KASARAGOD,,,,,
32,559,303,KERALA,KOLLAM,,,,,
32,560,304,KERALA,KOTTAYAM,,,,,
32,561,305,KERALA,KOZHIKODE,,,,,
32,562,306,KERALA,MALAPPURAM,,,,,
32,563,307,KERALA,PALAKKAD,,,,,
32,564,308,KERALA,PATHANAMTHIPTA,,,,,
32,565,309,KERALA,THIRUVANANTHAPURAM,,,,,
32,566,310,KERALA,THRISSUR,,,,,
32,567,311,KERALA,WAYANADU,,,,,
31,553,312,LAKSHADWEEP,LAKSHDWEEP,,,,,
23,667,313,MADHYA PRADESH,AGARMALWA,,,,,
23,639,314,MADHYA PRADESH,ALIRAJPUR,,,,,
23,390,315,MADHYA PRADESH,ANUPPUR,,,,,
23,391,316,MADHYA PRADESH,ASHOK NAGAR,,,,,
23,393,317,MADHYA PRADESH,BADWANI,,,,,
23,392,318,MADHYA PRADESH,BALAGHAT,,,,,
23,394,319,MADHYA PRADESH,BETUL,,,,,
23,395,320,MADHYA PRADESH,BHIND,,,,,
23,396,321,MADHYA PRADESH,BHOPAL,,,,,
23,397,322,MADHYA PRADESH,BURHANPUR,,,,,
23,398,323,MADHYA PRADESH,CHATTTARPUR,,,,,
23,399,324,MADHYA PRADESH,CHHINDWARA,,,,,
23,400,325,MADHYA PRADESH,DAMOH,,,,,
23,401,326,MADHYA PRADESH,DATIA,,,,,
23,402,327,MADHYA PRADESH,DEWAS,,,,,
23,403,328,MADHYA PRADESH,DHAR,,,,,
23,404,329,MADHYA PRADESH,DINDORI,,,,,
23,406,330,MADHYA PRADESH,GUNA,,,,,
23,407,331,MADHYA PRADESH,GWALLIOR,,,,,
23,408,332,MADHYA PRADESH,HARDA,,,,,
23,409,333,MADHYA PRADESH,HOSHANGABAD,,,,,
23,410,334,MADHYA PRADESH,INDORE,,,,,
23,411,335,MADHYA PRADESH,JABALPUR,,,,,
23,412,336,MADHYA PRADESH,JAHABUA,,,,,
23,413,337,MADHYA PRADESH,KATNI,,,,,
23,405,338,MADHYA PRADESH,KHANDWA (E.N.),,,,,
23,414,339,MADHYA PRADESH,KHARGAONE (W.N..),,,,,
23,415,340,MADHYA PRADESH,MANDLA,,,,,
23,416,341,MADHYA PRADESH,MANDSAUR,,,,,
23,417,342,MADHYA PRADESH,MORENA,,,,,
23,418,343,MADHYA PRADESH,NARASINGHPUR,,,,,
23,419,344,MADHYA PRADESH,NEEMUCH,,,,,
23,722,345,MADHYA PRADESH,NIWARI,,,,,
23,420,346,MADHYA PRADESH,PANNA,,,,,
23,421,347,MADHYA PRADESH,RAISEN,,,,,
23,422,348,MADHYA PRADESH,RAJGARH,,,,,
23,423,349,MADHYA PRADESH,RATLAM,,,,,
23,424,350,MADHYA PRADESH,REWA,,,,,
23,425,351,MADHYA PRADESH,SAGAR,,,,,
23,426,352,MADHYA PRADESH,SATNA,,,,,
23,427,353,MADHYA PRADESH,SEHORE,,,,,
23,428,354,MADHYA PRADESH,SEONI,,,,,
23,429,355,MADHYA PRADESH,SHAHDOL,,,,,
23,430,356,MADHYA PRADESH,SHAJAPUR,,,,,
23,431,357,MADHYA PRADESH,SHEOPUR,,,,,
23,432,358,MADHYA PRADESH,SHIVPURI,,,,,
23,433,359,MADHYA PRADESH,SIDHI,,,,,
23,638,360,MADHYA PRADESH,SINGRAULI,,,,,
23,434,361,MADHYA PRADESH,TIKAMGARH,,,,,
23,435,362,MADHYA PRADESH,UJJAIN,,,,,
23,436,363,MADHYA PRADESH,UMARIYA,,,,,
23,437,364,MADHYA PRADESH,VIDISHA,,,,,
27,466,365,MAHARASHTRA,AHMEDNAGAR,,,,,
27,467,366,MAHARASHTRA,AKOLA,,,,,
27,468,367,MAHARASHTRA,AMRAVATI,,,,,
27,469,368,MAHARASHTRA,AURANGABAD,,,,,
27,470,369,MAHARASHTRA,BEED,,,,,
27,471,370,MAHARASHTRA,BHANDARA,,,,,
27,472,371,MAHARASHTRA,BULDHANA,,,,,
27,473,372,MAHARASHTRA,CHANDRAPUR,,,,,
27,474,373,MAHARASHTRA,DHULE,,,,,
27,475,374,MAHARASHTRA,GADCHIROLI,,,,,
27,476,375,MAHARASHTRA,GONDIA,,,,,
27,477,376,MAHARASHTRA,HINGOLI,,,,,
27,478,377,MAHARASHTRA,JALGAON,,,,,
27,479,378,MAHARASHTRA,JALNA,,,,,
27,480,379,MAHARASHTRA,KOLHAPUR,,,,,
27,481,380,MAHARASHTRA,LATUR,,,,,
27,482,381,MAHARASHTRA,MUMBAI CITY,,,,,
27,483,382,MAHARASHTRA,MUMBAI SUBURBAN,,,,,
27,484,383,MAHARASHTRA,NAGPUR,,,,,
27,485,384,MAHARASHTRA,NAN DED,,,,,
27,486,385,MAHARASHTRA,NANDURBAR,,,,,
27,487,386,MAHARASHTRA,NASHIK,,,,,
27,488,387,MAHARASHTRA,OSMANABAD,,,,,
27,665,388,MAHARASHTRA,PALGHAR,,,,,
27,489,389,MAHARASHTRA,PARBHANI,,,,,
27,490,390,MAHARASHTRA,PUNE,,,,,
27,491,391,MAHARASHTRA,RAIGAD,,,,,
27,492,392,MAHARASHTRA,RATNAGIRI,,,,,
27,493,393,MAHARASHTRA,SANGLI,,,,,
27,494,394,MAHARASHTRA,SATARA,,,,,
27,495,395,MAHARASHTRA,SINDHUDURG,,,,,
27,496,396,MAHARASHTRA,SOLAPUR,,,,,
27,497,397,MAHARASHTRA,THANE,,,,,
27,498,398,MAHARASHTRA,WARDHA,,,,,
27,499,399,MAHARASHTRA,WASHIM,,,,,
27,500,400,MAHARASHTRA,YAVATMAL,,,,,
14,252,401,MANIPUR,BISHNUPUR,,,,,
14,253,402,MANIPUR,CHANDEL,,,,,
14,254,403,MANIPUR,CHURACHANDPUR,,,,,
14,255,404,MANIPUR,IIMPHAL EAST,,,,,
14,256,405,MANIPUR,IMPHAL WEST,,,,,
14,713,406,MANIPUR,JIRIBAM,,,,,
14,711,407,MANIPUR,KAKCHING,,,,,
14,717,408,MANIPUR,KAMJONG,,,,,
14,712,409,MANIPUR,KANGPOKPI,,,,,
14,714,410,MANIPUR,NONEY,,,,,
14,715,411,MANIPUR,PHERZAWL,,,,,
14,257,412,MANIPUR,SENAPATI,,,,,
14,258,413,MANIPUR,TAMENGLONG,,,,,
14,716,414,MANIPUR,TENGNOUPAL,,,,,
14,259,415,MANIPUR,THOUBAL,,,,,
14,260,416,MANIPUR,UKHRUL,,,,,
17,273,417,MEGHALAYA,EAST GARO HILLS,,,,,
17,657,418,MEGHALAYA,EAST JAINTIA HILLS,,,,,
17,274,419,MEGHALAYA,EAST KHASI HILLS,,,,,
17,656,420,MEGHALAYA,NORTH GARO HILLS,,,,,
17,276,421,MEGHALAYA,RI-BHOI,,,,,
17,277,422,MEGHALAYA,SOUTH GARO HILLS,,,,,
17,663,423,MEGHALAYA,SOUTH WEST  GARO HILLS,,,,,
17,658,424,MEGHALAYA,SOUTH WEST KHASI HILLS,,,,,
17,278,425,MEGHALAYA,WEST GARO HILLS,,,,,
17,275,426,MEGHALAYA,WEST JAINTIA HILLS,,,,,
17,279,427,MEGHALAYA,WEST KHASI HILLS,,,,,
15,261,428,MIZORAM,AIZAWL,,,,,
15,262,429,MIZORAM,CHAMPHAI,,,,,
15,263,430,MIZORAM,KOLASIB,,,,,
15,264,431,MIZORAM,LAWNGTLAI,,,,,
15,265,432,MIZORAM,LUNGLEI,,,,,
15,266,433,MIZORAM,MAMIT,,,,,
15,267,434,MIZORAM,SAIHA,,,,,
15,268,435,MIZORAM,SERCHIP,,,,,
13,244,436,NAGALAND,DIMAPUR,,,,,
13,614,437,NAGALAND,KIPHRIE,,,,,
13,245,438,NAGALAND,KOHIMA,,,,,
13,615,439,NAGALAND,LONG LENG,,,,,
13,246,440,NAGALAND,MOKOKCHUNG,,,,,
13,247,441,NAGALAND,MON,,,,,
13,613,442,NAGALAND,PEREN,,,,,
13,248,443,NAGALAND,PHEK,,,,,
13,249,444,NAGALAND,TUENSANG,,,,,
13,250,445,NAGALAND,WOKHA,,,,,
13,251,446,NAGALAND,ZUNHEBOTO,,,,,
21,344,447,ODISHA,ANGUL,,,,,
21,345,448,ODISHA,BALANGIR,,,,,
21,346,449,ODISHA,BALASORE,,,,,
21,347,450,ODISHA,BARGARH,,,,,
21,348,451,ODISHA,BHADRAK,,,,,
21,349,452,ODISHA,BOUDH,,,,,
21,350,453,ODISHA,CUTTACK,,,,,
21,351,454,ODISHA,DEOGARH,,,,,
21,352,455,ODISHA,DHENKANAL,,,,,
21,353,456,ODISHA,GAJAPATI,,,,,
21,354,457,ODISHA,GANJAM,,,,,
21,355,458,ODISHA,JAGATSINGHPUR,,,,,
21,356,459,ODISHA,JAJPUR,,,,,
21,357,460,ODISHA,JHARSUGUDA,,,,,
21,358,461,ODISHA,KALAHANDI,,,,,
21,359,462,ODISHA,KANDHAMAL,,,,,
21,360,463,ODISHA,KENDRAPARA,,,,,
21,361,464,ODISHA,KENDUJHAR,,,,,
21,362,465,ODISHA,KHORDHA,,,,,
21,363,466,ODISHA,KORAPUT,,,,,
21,364,467,ODISHA,MALKANGIRI  ,,,,,
21,365,468,ODISHA,MAYURBHANJ,,,,,
21,366,469,ODISHA,NABARANGAPUR,,,,,
21,367,470,ODISHA,NAYAGARH,,,,,
21,368,471,ODISHA,NUAPADA,,,,,
21,369,472,ODISHA,PURI,,,,,
21,370,473,ODISHA,RAYAGADA,,,,,
21,371,474,ODISHA,SAMBALPUR,,,,,
21,372,475,ODISHA,SONEPUR,,,,,
21,373,476,ODISHA,SUNDARGARH,,,,,
34,598,477,PUDUCHERRY,KARAIKAL,,,,,
34,599,478,PUDUCHERRY,MEHE,,,,,
34,600,479,PUDUCHERRY,PONDICHERRY,,,,,
34,601,480,PUDUCHERRY,YANAM,,,,,
3,27,481,PUNJAB,AMRITSAR,,,,,
3,605,482,PUNJAB,BARNALA,,,,,
3,28,483,PUNJAB,BATHINDA,,,,,
3,29,484,PUNJAB,FARIDKOT,,,,,
3,30,485,PUNJAB,FATEHGARH SAHIB,,,,,
3,651,486,PUNJAB,FAZILKA,,,,,
3,31,487,PUNJAB,FEROZEPUR,,,,,
3,32,488,PUNJAB,GURDASPUR,,,,,
3,33,489,PUNJAB,HOSHIARPUR,,,,,
3,34,490,PUNJAB,JALANDHAR,,,,,
3,35,491,PUNJAB,KAPURTHALA,,,,,
3,36,492,PUNJAB,LUDHIANA,,,,,
3,37,493,PUNJAB,MANSA,,,,,
3,38,494,PUNJAB,MOGA,,,,,
3,39,495,PUNJAB,MUKTSAR,,,,,
3,662,496,PUNJAB,PATHANKOT,,,,,
3,41,497,PUNJAB,PATIALA,,,,,
3,42,498,PUNJAB,RUPNAGAR,,,,,
3,43,499,PUNJAB,SANGRUR,,,,,
3,608,500,PUNJAB,SAS NAGAR,,,,,
3,40,501,PUNJAB,SBS NAGAR,,,,,
3,609,502,PUNJAB,TARN TARAN,,,,,
8,86,503,RAJASTHAN,AJMER,,,,,
8,87,504,RAJASTHAN,ALWAR,,,,,
8,88,505,RAJASTHAN,BANSWARA,,,,,
8,89,506,RAJASTHAN,BARAN,,,,,
8,90,507,RAJASTHAN,BARMER,,,,,
8,91,508,RAJASTHAN,BHARATPUR,,,,,
8,92,509,RAJASTHAN,BHILWARA,,,,,
8,93,510,RAJASTHAN,BIKANER,,,,,
8,94,511,RAJASTHAN,BUNDI,,,,,
8,95,512,RAJASTHAN,CHITTORGARH,,,,,
8,96,513,RAJASTHAN,CHURU,,,,,
8,97,514,RAJASTHAN,DAUSA,,,,,
8,98,515,RAJASTHAN,DHOLPUR,,,,,
8,99,516,RAJASTHAN,DUNGARPUR,,,,,
8,101,517,RAJASTHAN,HANUMANGARH,,,,,
8,102,518,RAJASTHAN,JAIPUR,,,,,
8,103,519,RAJASTHAN,JAISALMER,,,,,
8,104,520,RAJASTHAN,JALORE,,,,,
8,105,521,RAJASTHAN,JHALAWAR,,,,,
8,106,522,RAJASTHAN,JHUNJHUNU,,,,,
8,107,523,RAJASTHAN,JODHPUR,,,,,
8,108,524,RAJASTHAN,KARAULI,,,,,
8,109,525,RAJASTHAN,KOTA,,,,,
8,110,526,RAJASTHAN,NAGAUR,,,,,
8,111,527,RAJASTHAN,PALI,,,,,
8,629,528,RAJASTHAN,PRATAPGARH,,,,,
8,112,529,RAJASTHAN,RAJSAMAND,,,,,
8,113,530,RAJASTHAN,SAWAI MADHOPUR,,,,,
8,114,531,RAJASTHAN,SIKAR,,,,,
8,115,532,RAJASTHAN,SIROHI,,,,,
8,100,533,RAJASTHAN,SRI GANGANAGAR,,,,,
8,116,534,RAJASTHAN,TONK,,,,,
8,117,535,RAJASTHAN,UDAIPUR,,,,,
11,225,536,SIKKIM,EAST SIKKIM,,,,,
11,226,537,SIKKIM,NORTH SIKKIM,,,,,
11,227,538,SIKKIM,SOUTH  SIKKIM,,,,,
11,228,539,SIKKIM,WEST SIKKIM,,,,,
33,610,540,TAMIL NADU,ARIYALUR,,,,,
33,568,541,TAMIL NADU,CHENNAI,,,,,
33,569,542,TAMIL NADU,COIMBATORE,,,,,
33,570,543,TAMIL NADU,CUDDALORE,,,,,
33,571,544,TAMIL NADU,DHARMAPURI,,,,,
33,572,545,TAMIL NADU,DINDIGUL,,,,,
33,573,546,TAMIL NADU,ERODE,,,,,
33,574,547,TAMIL NADU,KANCHIPURAM,,,,,
33,575,548,TAMIL NADU,KANYAKUMARI,,,,,
33,576,549,TAMIL NADU,KARUR,,,,,
33,577,550,TAMIL NADU,KRISHNAGIRI,,,,,
33,578,551,TAMIL NADU,MADURAI,,,,,
33,579,552,TAMIL NADU,NAGAPATTINAM,,,,,
33,580,553,TAMIL NADU,NAMAKKAL,,,,,
33,587,554,TAMIL NADU,NILGIRISH,,,,,
33,581,555,TAMIL NADU,PERAMBALUR,,,,,
33,582,556,TAMIL NADU,PUDUKKOTTAI,,,,,
33,583,557,TAMIL NADU,RAMANATHAPURAM,,,,,
33,584,558,TAMIL NADU,SALEM,,,,,
33,585,559,TAMIL NADU,SIVAGANGA,,,,,
33,586,560,TAMIL NADU,THANJAVUR,,,,,
33,588,561,TAMIL NADU,THENI,,,,,
33,589,562,TAMIL NADU,THIRUVALLUR,,,,,
33,590,563,TAMIL NADU,THIRUVARUR,,,,,
33,594,564,TAMIL NADU,THOOTHUKUDI,,,,,
33,591,565,TAMIL NADU,TIRUCHIRAPALLI,,,,,
33,592,566,TAMIL NADU,TIRUNELVELI,,,,,
33,634,567,TAMIL NADU,TIRUPPUR,,,,,
33,593,568,TAMIL NADU,TIRUVANNAMALAI,,,,,
33,595,569,TAMIL NADU,VELLORE,,,,,
33,596,570,TAMIL NADU,VILLUPURAM,,,,,
33,597,571,TAMIL NADU,VIRUDHUNAGAR,,,,,
36,501,572,TELANGANA,ADILABAD,,,,,
36,690,573,TELANGANA,BHADRADRI,,,,,
36,507,574,TELANGANA,HYDERABAD,,,,,
36,681,575,TELANGANA,Jagitial,,,,,
36,689,576,TELANGANA,JANGOAN,,,,,
36,687,577,TELANGANA,JAYASHANKAR,,,,,
36,695,578,TELANGANA,JOGULAMBA,,,,,
36,685,579,TELANGANA,KAMAREDDY,,,,,
36,508,580,TELANGANA,KARIMNAGAR,,,,,
36,509,581,TELANGANA,KHAMMAM,,,,,
36,699,582,TELANGANA,KOMARAM BHEEM ASIFABAD,,,,,
36,688,583,TELANGANA,MAHABUBABAD,,,,,
36,512,584,TELANGANA,MAHABUBNAGAR,,,,,
36,684,585,TELANGANA,MANCHERIAL,,,,,
36,513,586,TELANGANA,MEDAK,,,,,
36,700,587,TELANGANA,MEDCHAL,,,,,
36,720,588,TELANGANA,MULUGU,,,,,
36,694,589,TELANGANA,NAGARKURNOOL,,,,,
36,514,590,TELANGANA,NALGONDA,,,,,
36,721,591,TELANGANA,NARAYANPET,,,,,
36,680,592,TELANGANA,Nirmal,,,,,
36,516,593,TELANGANA,NIZAMABAD,,,,,
36,682,594,TELANGANA,PEDDAPALLI,,,,,
36,683,595,TELANGANA,RAJANNA,,,,,
36,518,596,TELANGANA,RANGAREDDI,,,,,
36,691,597,TELANGANA,SANGAREDDY,,,,,
36,692,598,TELANGANA,SIDDIPET,,,,,
36,696,599,TELANGANA,SURYAPET,,,,,
36,698,600,TELANGANA,VIKARABAD,,,,,
36,693,601,TELANGANA,WANAPARTHY,,,,,
36,522,602,TELANGANA,WARANGAL RURAL,,,,,
36,686,603,TELANGANA,WARANGAL URBAN,,,,,
36,697,604,TELANGANA,YADADRI,,,,,
16,269,605,TRIPURA,DHALAI,,,,,
16,654,606,TRIPURA,GOMATI,,,,,
16,652,607,TRIPURA,KHOWAI,,,,,
16,270,608,TRIPURA,NORTH TRIPURA,,,,,
16,653,609,TRIPURA,SEPAHIJALA,,,,,
16,271,610,TRIPURA,SOUTHTRIPURA,,,,,
16,655,611,TRIPURA,UNOKOTI,,,,,
16,272,612,TRIPURA,WEST TRIPURA,,,,,
9,118,613,UTTAR PRADESH,AGRA,,,,,
9,119,614,UTTAR PRADESH,ALIGARH,,,,,
9,120,615,UTTAR PRADESH,ALLAHABAD,,,,,
9,121,616,UTTAR PRADESH,AMBEDAKAR NAGAR,,,,,
9,640,617,UTTAR PRADESH,AMETHI(Chhatrapati Shahuji Maharaj),,,,,
9,154,618,UTTAR PRADESH,AMROHA(JYOTIBA PHULE NAGAR),,,,,
9,122,619,UTTAR PRADESH,AURAIYA,,,,,
9,123,620,UTTAR PRADESH,AZAMGARH,,,,,
9,133,621,UTTAR PRADESH,BADAUN,,,,,
9,124,622,UTTAR PRADESH,BAGHPAT,,,,,
9,125,623,UTTAR PRADESH,BAHRAICH,,,,,
9,126,624,UTTAR PRADESH,BALLIA,,,,,
9,127,625,UTTAR PRADESH,BALRAMPUR,,,,,
9,128,626,UTTAR PRADESH,BANDA,,,,,
9,129,627,UTTAR PRADESH,BARABANKI,,,,,
9,130,628,UTTAR PRADESH,BAREILLY,,,,,
9,131,629,UTTAR PRADESH,BASTI,,,,,
9,132,630,UTTAR PRADESH,BIJNOR,,,,,
9,134,631,UTTAR PRADESH,BULANDSHAHAR,,,,,
9,135,632,UTTAR PRADESH,CHANDAULI,,,,,
9,136,633,UTTAR PRADESH,CHITRAKOOT,,,,,
9,137,634,UTTAR PRADESH,DEORIA,,,,,
9,138,635,UTTAR PRADESH,ETAH,,,,,
9,139,636,UTTAR PRADESH,ETAWAH,,,,,
9,140,637,UTTAR PRADESH,FAIZABAD,,,,,
9,141,638,UTTAR PRADESH,FARRUKHABAD,,,,,
9,142,639,UTTAR PRADESH,FATEHPUR,,,,,
9,143,640,UTTAR PRADESH,FIROZABAD,,,,,
9,144,641,UTTAR PRADESH,GAUTAM BUDDHA NAGAR,,,,,
9,145,642,UTTAR PRADESH,GHAZIABAD,,,,,
9,146,643,UTTAR PRADESH,GHAZIPUR,,,,,
9,147,644,UTTAR PRADESH,GONDA,,,,,
9,148,645,UTTAR PRADESH,GORAKHAPUR,,,,,
9,149,646,UTTAR PRADESH,HAMIRPUR,,,,,
9,661,647,UTTAR PRADESH,HAPUR,,,,,
9,150,648,UTTAR PRADESH,HARDOI,,,,,
9,163,649,UTTAR PRADESH,HATHRAS,,,,,
9,151,650,UTTAR PRADESH,JALAUN,,,,,
9,152,651,UTTAR PRADESH,JAUNPUR,,,,,
9,153,652,UTTAR PRADESH,JHANSI,,,,,
9,155,653,UTTAR PRADESH,KANNAUJ,,,,,
9,156,654,UTTAR PRADESH,KANPUR DEHAT,,,,,
9,157,655,UTTAR PRADESH,KANPUR NAGAR,,,,,
9,633,656,UTTAR PRADESH,KASGANJ(Kanshi Ram Nagar),,,,,
9,158,657,UTTAR PRADESH,KAUSHAMBI,,,,,
9,160,658,UTTAR PRADESH,KUSHINAGAR,,,,,
9,159,659,UTTAR PRADESH,LAKHIMPURKHERI,,,,,
9,161,660,UTTAR PRADESH,LALITPUR,,,,,
9,162,661,UTTAR PRADESH,LUCKNOW,,,,,
9,164,662,UTTAR PRADESH,MAHARAJGANJ,,,,,
9,165,663,UTTAR PRADESH,MAHOBA,,,,,
9,166,664,UTTAR PRADESH,MAINPURI,,,,,
9,167,665,UTTAR PRADESH,MATHURA,,,,,
9,168,666,UTTAR PRADESH,MAU,,,,,
9,169,667,UTTAR PRADESH,MEERUT,,,,,
9,170,668,UTTAR PRADESH,MIRZAPUR,,,,,
9,171,669,UTTAR PRADESH,MORADABAD,,,,,
9,172,670,UTTAR PRADESH,MUZAFFARNAGAR,,,,,
9,173,671,UTTAR PRADESH,PILIBHIT,,,,,
9,174,672,UTTAR PRADESH,PRATAPGARH,,,,,
9,175,673,UTTAR PRADESH,RAI BARELY,,,,,
9,176,674,UTTAR PRADESH,RAMPUR,,,,,
9,177,675,UTTAR PRADESH,SAHARANPUR,,,,,
9,659,676,UTTAR PRADESH,SAMBHAL(Bheem Nagar),,,,,
9,178,677,UTTAR PRADESH,SANT KABIR NAGAR,,,,,
9,179,678,UTTAR PRADESH,SANT RAVIDAS NAGAR,,,,,
9,180,679,UTTAR PRADESH,SHAHJAHANPUR,,,,,
9,660,680,UTTAR PRADESH,SHAMLI,,,,,
9,181,681,UTTAR PRADESH,SHRAVASTI,,,,,
9,182,682,UTTAR PRADESH,SIDDHARTHNAGAR,,,,,
9,183,683,UTTAR PRADESH,SITAPUR,,,,,
9,184,684,UTTAR PRADESH,SONBHADRA,,,,,
9,185,685,UTTAR PRADESH,SULTANPUR,,,,,
9,186,686,UTTAR PRADESH,UNNAO,,,,,
9,187,687,UTTAR PRADESH,VARANASI,,,,,
5,45,688,UTTARAKHAND,ALMORA,,,,,
5,46,689,UTTARAKHAND,BAGESHWAR,,,,,
5,47,690,UTTARAKHAND,CHAMOLI,,,,,
5,48,691,UTTARAKHAND,CHAMPAWAT,,,,,
5,49,692,UTTARAKHAND,DEHRADUN,,,,,
5,50,693,UTTARAKHAND,HARIDWAR,,,,,
5,51,694,UTTARAKHAND,NAINITAL,,,,,
5,52,695,UTTARAKHAND,PAURI GARHWAL,,,,,
5,53,696,UTTARAKHAND,PITHORAGARH,,,,,
5,54,697,UTTARAKHAND,RUDRAPRAYAG,,,,,
5,55,698,UTTARAKHAND,TEHRI GARHWAL,,,,,
5,56,699,UTTARAKHAND,UDHAM SINGH NAGAR,,,,,
5,57,700,UTTARAKHAND,UTTARKASHI,,,,,
19,664,701,WEST BENGAL,ALIPURDUAR,,,,,
19,305,702,WEST BENGAL,BANKURA,,,,,
19,306,703,WEST BENGAL,BARDHAMAN,,,,,
19,307,704,WEST BENGAL,BIRBHUM,,,,,
19,308,705,WEST BENGAL,COOCHBEHAR,,,,,
19,310,706,WEST BENGAL,DAKSHIN DINAJPUR,,,,,
19,309,707,WEST BENGAL,DARJEELING,,,,,
19,317,708,WEST BENGAL,EAST MEDINIPUR,,,,,
19,312,709,WEST BENGAL,HOOGHLY,,,,,
19,313,710,WEST BENGAL,HOWRAH,,,,,
19,314,711,WEST BENGAL,JALPAIGURI,,,,,
19,703,712,WEST BENGAL,Jhargram,,,,,
19,702,713,WEST BENGAL,KALIMPONG,,,,,
19,315,714,WEST BENGAL,KOLKOTA,,,,,
19,316,715,WEST BENGAL,MALDA,,,,,
19,319,716,WEST BENGAL,MURSHIDABAD,,,,,
19,303,717,WEST BENGAL,N. 24- PRAGANAS,,,,,
19,320,718,WEST BENGAL,NADIA,,,,,
19,704,719,WEST BENGAL,PASCHIM BARDHAMAN,,,,,
19,321,720,WEST BENGAL,PURULIA,,,,,
19,304,721,WEST BENGAL,SOUTH 24-PRAGANAS,,,,,
19,311,722,WEST BENGAL,UTTAR DINAJPUR,,,,,
19,318,723,WEST BENGAL,WEST MEDINIPUR,,,,,